{"loss_neg_mean": 0.4385860562324524, "_step": 0, "_timestamp": 1589959041.293986, "_runtime": 8.956269025802612, "loss_pos_mean": 0.25816795229911804}
