{"loss_pos_mean": 0.25816795229911804, "_timestamp": 1589959248.517535, "loss_neg_mean": 0.4385860562324524, "_runtime": 8.817276954650879, "_step": 0}
