{"_runtime": 8.625777244567871, "loss_pos_mean": 0.25816795229911804, "_step": 0, "_timestamp": 1589959308.8400981, "loss_neg_mean": 0.4385860562324524}
