{"loss_pos_mean": 0.25816795229911804, "_step": 0, "_timestamp": 1589958922.4067252, "_runtime": 14.560960054397583, "loss_neg_mean": 0.4385860562324524}
